"modified_peptide","protein_group","charge","abundance_Main_1","abundance_Main_2"
"AALEELVK","sp|P12081|SYHC_HUMAN","2",113,118.4
"ADLIAYLKK","sp|P99999|CYC_HUMAN","2",106.2,105.7
"AFYVNVLNEEQR","sp|P04040|CATA_HUMAN","2",119.8,129.2
"ALIVLAHSER","sp|P15559|NQO1_HUMAN","2",0,138.5
"ALLLLC[160]GEDD","sp|P08758|ANXA5_HUMAN","2",108,113.2
"ANALLANGVELR","sp|P01375|TNFA_HUMAN","2",127.6,147.4
"ANRPFLVFIR","sp|P01008|ANT3_HUMAN;sp|P01008|ANT3_HUMAN","2;3",345,340.6
"ASAELIEEEVAK","sp|P12081|SYHC_HUMAN","2",161.5,161.9
"C[160]STSSLLEAC[160]TFR","sp|P02787|TRFE_HUMAN","2",153.3,0
"DGAGDVAFIR","sp|P02788|TRFL_HUMAN","2",132.1,127.6
"DLLHVLAFSK","sp|P41159|LEP_HUMAN","2",119.2,119.7
"EVPLNTIIFM[147]GR","sp|P01008|ANT3_HUMAN","2",134.1,130.6
"FGLSVGHHLGK","sp|P15559|NQO1_HUMAN","2",0,119.1
"FNTANDDNVTQVR","sp|P04040|CATA_HUMAN","2",149.1,143.7
"FSTVAGESGSADTVRDPR","sp|P04040|CATA_HUMAN","3",0,257.7
"GDGPVQGIINFEQK","sp|P00441|SODC_HUMAN","2",115.3,106.2
"GTVTDFPGFDER","sp|P08758|ANXA5_HUMAN","2",138.1,142.3
"GYSFTTTAER","sp|P60709|ACTB_HUMAN","2",115.6,0
"HGAEVIDTPVFELK","sp|P12081|SYHC_HUMAN","2",166.4,166.8
"HGATVLTALGGILK","sp|P02144|MYG_HUMAN","2",156.6,159.7
"HLAQVGDSM[147]DR","sp|P55957-2|BID_HUMAN","2",125.5,0
"IEADSESQEDIIR","sp|P55957-2|BID_HUMAN","2",146.7,146.9
"INDISHTQSVSSK","sp|P41159|LEP_HUMAN","2",145.8,143.3
"KITIADC[160]GQLE","sp|P62937|PPIA_HUMAN","2",143.1,144.5
"KQGGLGPM[147]NIPLVSDPKR","sp|Q06830|PRDX1_HUMAN","3",271.4,306
"LADFALLC[160]LDGK","sp|P02788|TRFL_HUMAN","2",157.2,157.1
"LVNEVTEFAK","sp|P02768|ALBU_HUMAN","2",143.1,144.2
"LYPIANGNNQSPVDIK","sp|P00915|CAH1_HUMAN","2",0,183.2
"NGSDC[160]PDKFC[160]LFQSETK","sp|P02788|TRFL_HUMAN","3",266.8,0
"NLLFNDNTEC[160]LAR","sp|P02788|TRFL_HUMAN","2",168.8,169
"SASDLTWDNLK","sp|P02787|TRFE_HUMAN","2",136.1,0
"SAVTALWGK","sp|P68871|HBB_HUMAN","2",124.3,124.5
"SLASDITDEQKK","sp|P16083|NQO2_HUMAN","2",142.5,143.6
"SLGVGFATR","sp|P05413|FABPH_HUMAN","2",128.5,134.4
"SVIPSDGPSVAC[160]VK","sp|P02787|TRFE_HUMAN","2",0,146.7
"TC[160]VADESAENC[160]DK","sp|P02768|ALBU_HUMAN","2",144.2,134.1
"TEWLDGKHVVFGK","sp|P62937|PPIA_HUMAN","3",226.2,235.5
"TGPNLHGLFGR","sp|P99999|CYC_HUMAN","2",135.6,137.6
"TKENVVQSVTSVAEK","sp|O76070|SYUG_HUMAN;sp|O76070|SYUG_HUMAN","2;3",473.5,499.7
"TSETKHDTSLKPISVSYNPATAK","sp|P00915|CAH1_HUMAN","3",337,332
"VEADIPGHGQEVLIR","sp|P02144|MYG_HUMAN","3",268.8,283
"VLDALQAIK","sp|P00915|CAH1_HUMAN","2",133,129.8
"VLIVYAHQEPK","sp|P16083|NQO2_HUMAN","2",144.8,146.5
"VLTEIIASR","sp|P08758|ANXA5_HUMAN","2",135.2,137.8
"VNLLSAIK","sp|P01375|TNFA_HUMAN","2",112.2,0
"VNVDEVGGEALGR","sp|P68871|HBB_HUMAN","2",0,169.5
"VPEARPNSM[147]VVEHPEFLK","sp|P06396|GELS_HUMAN","3",289.6,281.6
"VSFELFADKVPK","sp|P62937|PPIA_HUMAN","2",144.1,0
"WDGQETTLVR","sp|P05413|FABPH_HUMAN","2",125.9,126
